{
	"multipart":[
		{"when":{"down":false,"east":false,"north":false,"south":false,"up":false,"west":false},"apply":{"model":"xnestor.io:block/default_mushroom_blocks/mushroom_stem_false"}},
		{"when":{"down":false,"east":true,"north":true,"south":true,"up":false,"west":true},"apply":{"model":"xnestor.io:block/default_mushroom_blocks/mushroom_stem"}},
		{"when":{"down":true,"east":true,"north":true,"south":true,"up":true,"west":true},"apply":{"model":"xnestor.io:block/default_mushroom_blocks/mushroom_stem_true"}},

		{"when":{"down":false,"east":false,"north":false,"south":false,"up":false,"west":true},"apply":{"model":"xnestor.io:block/default_mushroom_blocks/100"}},
		{"when":{"down":false,"east":false,"north":false,"south":false,"up":true,"west":false},"apply":{"model":"xnestor.io:block/default_mushroom_blocks/101"}},
		{"when":{"down":false,"east":false,"north":false,"south":false,"up":true,"west":true},"apply":{"model":"xnestor.io:block/default_mushroom_blocks/102"}},
		{"when":{"down":false,"east":false,"north":false,"south":true,"up":false,"west":false},"apply":{"model":"xnestor.io:block/default_mushroom_blocks/103"}},
		{"when":{"down":false,"east":false,"north":false,"south":true,"up":false,"west":true},"apply":{"model":"xnestor.io:block/default_mushroom_blocks/104"}},
		{"when":{"down":false,"east":false,"north":false,"south":true,"up":true,"west":false},"apply":{"model":"xnestor.io:block/default_mushroom_blocks/105"}},
		{"when":{"down":false,"east":false,"north":false,"south":true,"up":true,"west":true},"apply":{"model":"xnestor.io:block/default_mushroom_blocks/106"}},
		{"when":{"down":false,"east":false,"north":true,"south":false,"up":false,"west":false},"apply":{"model":"xnestor.io:block/default_mushroom_blocks/107"}},
		{"when":{"down":false,"east":false,"north":true,"south":false,"up":false,"west":true},"apply":{"model":"xnestor.io:block/default_mushroom_blocks/108"}},
		{"when":{"down":false,"east":false,"north":true,"south":false,"up":true,"west":false},"apply":{"model":"xnestor.io:block/default_mushroom_blocks/109"}},
		{"when":{"down":false,"east":false,"north":true,"south":false,"up":true,"west":true},"apply":{"model":"xnestor.io:block/default_mushroom_blocks/110"}},
		{"when":{"down":false,"east":false,"north":true,"south":true,"up":false,"west":false},"apply":{"model":"xnestor.io:block/default_mushroom_blocks/111"}},
		{"when":{"down":false,"east":false,"north":true,"south":true,"up":false,"west":true},"apply":{"model":"xnestor.io:block/default_mushroom_blocks/112"}},
		{"when":{"down":false,"east":false,"north":true,"south":true,"up":true,"west":false},"apply":{"model":"xnestor.io:block/default_mushroom_blocks/113"}},
		{"when":{"down":false,"east":false,"north":true,"south":true,"up":true,"west":true},"apply":{"model":"xnestor.io:block/default_mushroom_blocks/114"}},
		{"when":{"down":false,"east":true,"north":false,"south":false,"up":false,"west":false},"apply":{"model":"xnestor.io:block/default_mushroom_blocks/115"}},
		{"when":{"down":false,"east":true,"north":false,"south":false,"up":false,"west":true},"apply":{"model":"xnestor.io:block/default_mushroom_blocks/116"}},
		{"when":{"down":false,"east":true,"north":false,"south":false,"up":true,"west":false},"apply":{"model":"xnestor.io:block/default_mushroom_blocks/117"}},
		{"when":{"down":false,"east":true,"north":false,"south":false,"up":true,"west":true},"apply":{"model":"xnestor.io:block/default_mushroom_blocks/118"}},
		{"when":{"down":false,"east":true,"north":false,"south":true,"up":false,"west":false},"apply":{"model":"xnestor.io:block/default_mushroom_blocks/119"}},
		{"when":{"down":false,"east":true,"north":false,"south":true,"up":false,"west":true},"apply":{"model":"xnestor.io:block/default_mushroom_blocks/120"}},
		{"when":{"down":false,"east":true,"north":false,"south":true,"up":true,"west":false},"apply":{"model":"xnestor.io:block/default_mushroom_blocks/121"}},
		{"when":{"down":false,"east":true,"north":false,"south":true,"up":true,"west":true},"apply":{"model":"xnestor.io:block/default_mushroom_blocks/122"}},
		{"when":{"down":false,"east":true,"north":true,"south":false,"up":false,"west":false},"apply":{"model":"xnestor.io:block/default_mushroom_blocks/123"}},
		{"when":{"down":false,"east":true,"north":true,"south":false,"up":false,"west":true},"apply":{"model":"xnestor.io:block/default_mushroom_blocks/124"}},
		{"when":{"down":false,"east":true,"north":true,"south":false,"up":true,"west":false},"apply":{"model":"xnestor.io:block/default_mushroom_blocks/125"}},
		{"when":{"down":false,"east":true,"north":true,"south":false,"up":true,"west":true},"apply":{"model":"xnestor.io:block/default_mushroom_blocks/126"}},
		{"when":{"down":false,"east":true,"north":true,"south":true,"up":false,"west":false},"apply":{"model":"xnestor.io:block/default_mushroom_blocks/127"}},
		{"when":{"down":false,"east":true,"north":true,"south":true,"up":true,"west":false},"apply":{"model":"xnestor.io:block/default_mushroom_blocks/128"}},
		{"when":{"down":false,"east":true,"north":true,"south":true,"up":true,"west":true},"apply":{"model":"xnestor.io:block/default_mushroom_blocks/129"}},
		{"when":{"down":true,"east":false,"north":false,"south":false,"up":false,"west":false},"apply":{"model":"xnestor.io:block/default_mushroom_blocks/130"}},
		{"when":{"down":true,"east":false,"north":false,"south":false,"up":false,"west":true},"apply":{"model":"xnestor.io:block/default_mushroom_blocks/131"}},
		{"when":{"down":true,"east":false,"north":false,"south":false,"up":true,"west":false},"apply":{"model":"xnestor.io:block/default_mushroom_blocks/132"}},
		{"when":{"down":true,"east":false,"north":false,"south":false,"up":true,"west":true},"apply":{"model":"xnestor.io:block/default_mushroom_blocks/133"}},
		{"when":{"down":true,"east":false,"north":false,"south":true,"up":false,"west":false},"apply":{"model":"xnestor.io:block/default_mushroom_blocks/134"}},
		{"when":{"down":true,"east":false,"north":false,"south":true,"up":false,"west":true},"apply":{"model":"xnestor.io:block/default_mushroom_blocks/135"}},
		{"when":{"down":true,"east":false,"north":false,"south":true,"up":true,"west":false},"apply":{"model":"xnestor.io:block/default_mushroom_blocks/136"}},
		{"when":{"down":true,"east":false,"north":false,"south":true,"up":true,"west":true},"apply":{"model":"xnestor.io:block/default_mushroom_blocks/137"}},
		{"when":{"down":true,"east":false,"north":true,"south":false,"up":false,"west":false},"apply":{"model":"xnestor.io:block/default_mushroom_blocks/138"}},
		{"when":{"down":true,"east":false,"north":true,"south":false,"up":false,"west":true},"apply":{"model":"xnestor.io:block/default_mushroom_blocks/139"}},
		{"when":{"down":true,"east":false,"north":true,"south":false,"up":true,"west":false},"apply":{"model":"xnestor.io:block/default_mushroom_blocks/140"}},
		{"when":{"down":true,"east":false,"north":true,"south":false,"up":true,"west":true},"apply":{"model":"xnestor.io:block/default_mushroom_blocks/141"}},
		{"when":{"down":true,"east":false,"north":true,"south":true,"up":false,"west":false},"apply":{"model":"xnestor.io:block/default_mushroom_blocks/142"}},
		{"when":{"down":true,"east":false,"north":true,"south":true,"up":false,"west":true},"apply":{"model":"xnestor.io:block/default_mushroom_blocks/143"}},
		{"when":{"down":true,"east":false,"north":true,"south":true,"up":true,"west":false},"apply":{"model":"xnestor.io:block/default_mushroom_blocks/144"}},
		{"when":{"down":true,"east":false,"north":true,"south":true,"up":true,"west":true},"apply":{"model":"xnestor.io:block/default_mushroom_blocks/145"}},
		{"when":{"down":true,"east":true,"north":false,"south":false,"up":false,"west":false},"apply":{"model":"xnestor.io:block/default_mushroom_blocks/146"}},
		{"when":{"down":true,"east":true,"north":false,"south":false,"up":false,"west":true},"apply":{"model":"xnestor.io:block/default_mushroom_blocks/147"}},
		{"when":{"down":true,"east":true,"north":false,"south":false,"up":true,"west":false},"apply":{"model":"xnestor.io:block/default_mushroom_blocks/148"}},
		{"when":{"down":true,"east":true,"north":false,"south":false,"up":true,"west":true},"apply":{"model":"xnestor.io:block/default_mushroom_blocks/149"}},
		{"when":{"down":true,"east":true,"north":false,"south":true,"up":false,"west":false},"apply":{"model":"xnestor.io:block/default_mushroom_blocks/150"}},
		{"when":{"down":true,"east":true,"north":false,"south":true,"up":false,"west":true},"apply":{"model":"xnestor.io:block/default_mushroom_blocks/151"}},
		{"when":{"down":true,"east":true,"north":false,"south":true,"up":true,"west":false},"apply":{"model":"xnestor.io:block/default_mushroom_blocks/152"}},
		{"when":{"down":true,"east":true,"north":false,"south":true,"up":true,"west":true},"apply":{"model":"xnestor.io:block/default_mushroom_blocks/153"}},
		{"when":{"down":true,"east":true,"north":true,"south":false,"up":false,"west":false},"apply":{"model":"xnestor.io:block/default_mushroom_blocks/154"}},
		{"when":{"down":true,"east":true,"north":true,"south":false,"up":false,"west":true},"apply":{"model":"xnestor.io:block/default_mushroom_blocks/155"}},
		{"when":{"down":true,"east":true,"north":true,"south":false,"up":true,"west":false},"apply":{"model":"xnestor.io:block/default_mushroom_blocks/156"}},
		{"when":{"down":true,"east":true,"north":true,"south":false,"up":true,"west":true},"apply":{"model":"xnestor.io:block/default_mushroom_blocks/157"}},
		{"when":{"down":true,"east":true,"north":true,"south":true,"up":false,"west":false},"apply":{"model":"xnestor.io:block/default_mushroom_blocks/158"}},
		{"when":{"down":true,"east":true,"north":true,"south":true,"up":false,"west":true},"apply":{"model":"xnestor.io:block/default_mushroom_blocks/159"}},
		{"when":{"down":true,"east":true,"north":true,"south":true,"up":true,"west":false},"apply":{"model":"xnestor.io:block/default_mushroom_blocks/160"}}
	]
}
