{
  "textures": {
    "layer0": "swords/infinity_sword"
  },
  "parent": "item/handheld",
  "display": {
    "thirdperson_righthand": {
      "rotation": [
        15,
        -90,
        55
      ],
      "translation": [
        0,
        3,
        1.4
      ],
      "scale": [
        1.1,
        1.1,
        1.1
      ]
    },
    "thirdperson_lefthand": {
      "rotation": [
        100,
        -90,
        55
      ],
      "translation": [
        0,
        3,
        1.4
      ],
      "scale": [
        1.1,
        1.1,
        1.1
      ]
    },
    "firstperson_righthand": {
      "rotation": [
        -20,
        -90,
        25
      ],
      "translation": [
        -0.4,
        6,
        1.2
      ],
      "scale": [
        0.7,
        0.7,
        0.7
      ]
    },
    "firstperson_lefthand": {
      "rotation": [
        -20,
        90,
        -25
      ],
      "translation": [
        -0.4,
        6,
        1.2
      ],
      "scale": [
        0.7,
        0.7,
        0.7
      ]
    }
  }
}