{
  "parent": "minecraft:item/handheld",
  "textures": {
    "layer0": "xnestor.io:misc/notch_apple_machine_gun"
  },
  "display": {
    "thirdperson_righthand": {
      "rotation": [
        0,
        -90,
        0
      ],
      "translation": [
        0,
        1,
        0
      ],
      "scale": [
        1.3,
        1.3,
        1.3
      ]
    },
    "thirdperson_lefthand": {
      "rotation": [
        0,
        90,
        0
      ],
      "translation": [
        0,
        1,
        0
      ],
      "scale": [
        1.3,
        1.3,
        1.3
      ]
    },
    "firstperson_righthand": {
      "rotation": [
        0,
        -90,
        -5
      ],
      "translation": [
        -0.4,
        4,
        1.2
      ],
      "scale": [
        1.3,
        1.3,
        1.3
      ]
    },
    "firstperson_lefthand": {
      "rotation": [
        0,
        90,
        -5
      ],
      "translation": [
        -0.4,
        4,
        1.2
      ],
      "scale": [
        1.3,
        1.3,
        1.3
      ]
    }
  }
}