{
  "parent": "minecraft:item/handheld",
  "textures": {
    "layer0": "minecraft:item/diamond_sword"
  },
  "overrides": [
    {
      "predicate": {
        "custom_model_data": 1
      },
      "model": "xnestor.io:sword/netherite_block_sword"
    },
    {
      "predicate": {
        "custom_model_data": 2
      },
      "model": "xnestor.io:sword/diamond_block_sword"
    },
    {
      "predicate": {
        "custom_model_data": 3
      },
      "model": "xnestor.io:sword/notch_apple_sword"
    },
    {
      "predicate": {
        "custom_model_data": 4
      },
      "model": "xnestor.io:sword/infinity_sword"
    },
    {
      "predicate": {
        "custom_model_data": 5
      },
      "model": "xnestor.io:sword/dragon_sword"
    }
  ]
}