{
  "parent": "minecraft:item/generated",
  "textures": {
    "layer0": "minecraft:item/clay_ball"
  },
  "overrides": [
    {
      "predicate": {
        "custom_model_data": 1
      },
      "model": "xnestor.io:block/uncrafting_table"
    },
    {
      "predicate": {
        "custom_model_data": 2
      },
      "model": "xnestor.io:block/super_dirt_block"
    },
    {
      "predicate": {
        "custom_model_data": 3
      },
      "model": "xnestor.io:block/super_cobblestone_block"
    },
    {
      "predicate": {
        "custom_model_data": 4
      },
      "model": "xnestor.io:block/super_stone_block"
    },
    {
      "predicate": {
        "custom_model_data": 5
      },
      "model": "xnestor.io:block/stick_block"
    },
    {
      "predicate": {
        "custom_model_data": 6
      },
      "model": "xnestor.io:block/apple_block"
    },
    {
      "predicate": {
        "custom_model_data": 7
      },
      "model": "xnestor.io:block/golden_apple_block"
    },
    {
      "predicate": {
        "custom_model_data": 8
      },
      "model": "xnestor.io:block/notch_apple_block"
    },
    {
      "predicate": {
        "custom_model_data": 9
      },
      "model": "xnestor.io:block/totem_block"
    },
    {
      "predicate": {
        "custom_model_data": 10
      },
      "model": "xnestor.io:block/iron_block_block"
    },
    {
      "predicate": {
        "custom_model_data": 11
      },
      "model": "xnestor.io:block/diamond_block_block"
    },
    {
      "predicate": {
        "custom_model_data": 12
      },
      "model": "xnestor.io:block/netherite_block_block"
    },
    {
      "predicate": {
        "custom_model_data": 13
      },
      "model": "xnestor.io:block/sand_sand_block"
    },
    {
      "predicate": {
        "custom_model_data": 14
      },
      "model": "xnestor.io:block/water_bucket_block"
    },
    {
      "predicate": {
        "custom_model_data": 15
      },
      "model": "xnestor.io:block/lava_bucket_block"
    },
    {
      "predicate": {
        "custom_model_data": 16
      },
      "model": "xnestor.io:block/super_obsidian_block"
    },
    {
      "predicate": {
        "custom_model_data": 17
      },
      "model": "xnestor.io:block/bread_block"
    },
    {
      "predicate": {
        "custom_model_data": 18
      },
      "model": "xnestor.io:block/sword_block"
    },
    {
      "predicate": {
        "custom_model_data": 19
      },
      "model": "xnestor.io:block/pickaxe_block"
    },
    {
      "predicate": {
        "custom_model_data": 20
      },
      "model": "xnestor.io:block/shovel_block"
    },
    {
      "predicate": {
        "custom_model_data": 21
      },
      "model": "xnestor.io:block/axe_block"
    },
    {
      "predicate": {
        "custom_model_data": 22
      },
      "model": "xnestor.io:block/bow_block"
    },
    {
      "predicate": {
        "custom_model_data": 23
      },
      "model": "xnestor.io:block/ender_pearl_block"
    },
    {
      "predicate": {
        "custom_model_data": 24
      },
      "model": "xnestor.io:block/blaze_rod_block"
    },
    {
      "predicate": {
        "custom_model_data": 25
      },
      "model": "xnestor.io:block/sapling_block"
    }
  ]
}