{
  "textures": {
    "layer0": "item/diamond_sword"
  },
  "overrides": [
    {
      "predicate": {
        "custom_model_data": 1
      },
      "model": "custom/swords/netherite_block_sword"
    },
    {
      "predicate": {
        "custom_model_data": 2
      },
      "model": "custom/swords/diamond_block_sword"
    },
    {
      "predicate": {
        "custom_model_data": 3
      },
      "model": "custom/swords/notch_apple_sword"
    },
    {
      "predicate": {
        "custom_model_data": 4
      },
      "model": "custom/swords/infinity_sword"
    }
  ],
  "parent": "item/handheld"
}