{
  "parent": "minecraft:item/generated",
  "textures": {
    "layer0": "minecraft:item/prismarine_shard"
  },
  "overrides": [
    {
      "predicate": {
        "custom_model_data": 1
      },
      "model": "xnestor.io:misc/brain"
    },
    {
      "predicate": {
        "custom_model_data": 2
      },
      "model": "xnestor.io:misc/court_hammer"
    },
    {
      "predicate": {
        "custom_model_data": 3
      },
      "model": "xnestor.io:misc/microphone"
    }
  ]
}