{  
   "textures":	{
        "updown": "minecraft:block/mushroom_block_inside",
        "side": "minecraft:block/red_mushroom_block",
        "particle": "minecraft:block/red_mushroom_block"
				},
   "elements": [
        {   "from": [ 0, 0, 0 ],
            "to": [ 16, 16, 16 ],
            "faces":{
                "down":  { "texture": "#updown", "cullface": "down" },
                "east":  { "texture": "#updown", "cullface": "east" },
                "north": { "texture": "#side", "cullface": "north" },
                "south": { "texture": "#updown", "cullface": "south" },
                "up":  { "texture": "#updown", "cullface": "up" },
                "west":  { "texture": "#side", "cullface": "west" }
					}
        }
    ]
}
 
