{
  "parent": "minecraft:item/generated",
  "textures": {
    "layer0": "minecraft:item/apple"
  },
  "display": {
    "thirdperson_righthand": {
      "rotation": [
        0,
        0,
        0
      ],
      "translation": [
        0,
        3,
        1.4
      ],
      "scale": [
        1.2,
        1.2,
        1.2
      ]
    },
    "thirdperson_lefthand": {
      "rotation": [
        0,
        0,
        0
      ],
      "translation": [
        0,
        3,
        1.4
      ],
      "scale": [
        1.2,
        1.2,
        1.2
      ]
    },
    "firstperson_righthand": {
      "rotation": [
        -15,
        -90,
        25
      ],
      "translation": [
        -0.4,
        6,
        1.2
      ],
      "scale": [
        1.2,
        1.2,
        1.2
      ]
    },
    "firstperson_lefthand": {
      "rotation": [
        -15,
        90,
        -25
      ],
      "translation": [
        -0.4,
        6,
        1.2
      ],
      "scale": [
        1.2,
        1.2,
        1.2
      ]
    }
  }
}